symbol,policy,allow_open,allow_reopen,allow_double_down,allow_sell,reason,evidence_source,review_after,updated_at
AACB,no_reopen,false,false,true,true,valid_months=6 avg_monthly_range_pct=0.7242 below 10,yahoo_intraday_range_2026-01_to_2026-06,,2026-06-13
ACGL,no_reopen,false,false,true,true,valid_months=6 avg_monthly_range_pct=8.7837 below 10,yahoo_intraday_range_2026-01_to_2026-06,,2026-06-13
ACP,no_reopen,false,false,true,true,valid_months=6 avg_monthly_range_pct=6.5178 below 10,yahoo_intraday_range_2026-01_to_2026-06,,2026-06-13
ACT,no_reopen,false,false,true,true,valid_months=6 avg_monthly_range_pct=9.2241 below 10,yahoo_intraday_range_2026-01_to_2026-06,,2026-06-13
ADC,no_reopen,false,false,true,true,valid_months=6 avg_monthly_range_pct=8.4059 below 10,yahoo_intraday_range_2026-01_to_2026-06,,2026-06-13
ADX,no_reopen,false,false,true,true,valid_months=6 avg_monthly_range_pct=7.4504 below 10,yahoo_intraday_range_2026-01_to_2026-06,,2026-06-13
AEAQ,no_reopen,false,false,true,true,valid_months=6 avg_monthly_range_pct=1.0989 below 10,yahoo_intraday_range_2026-01_to_2026-06,,2026-06-13
AEE,no_reopen,false,false,true,true,valid_months=6 avg_monthly_range_pct=7.7857 below 10,yahoo_intraday_range_2026-01_to_2026-06,,2026-06-13
AEG,no_reopen,false,false,true,true,valid_months=6 avg_monthly_range_pct=9.8322 below 10,yahoo_intraday_range_2026-01_to_2026-06,,2026-06-13
AEP,no_reopen,false,false,true,true,valid_months=6 avg_monthly_range_pct=8.6522 below 10,yahoo_intraday_range_2026-01_to_2026-06,,2026-06-13
AES,no_reopen,false,false,true,true,valid_months=6 avg_monthly_range_pct=7.3659 below 10,yahoo_intraday_range_2026-01_to_2026-06,,2026-06-13
AEXA,no_reopen,false,false,true,true,valid_months=6 avg_monthly_range_pct=7.2534 below 10,yahoo_intraday_range_2026-01_to_2026-06,,2026-06-13
AFBI,no_reopen,false,false,true,true,valid_months=6 avg_monthly_range_pct=5.2718 below 10,yahoo_intraday_range_2026-01_to_2026-06,,2026-06-13
AFG,no_reopen,false,false,true,true,valid_months=6 avg_monthly_range_pct=7.5744 below 10,yahoo_intraday_range_2026-01_to_2026-06,,2026-06-13
AFL,no_reopen,false,false,true,true,valid_months=6 avg_monthly_range_pct=7.4522 below 10,yahoo_intraday_range_2026-01_to_2026-06,,2026-06-13
AGM.A,no_reopen,false,false,true,true,valid_months=6 avg_monthly_range_pct=9.8169 below 10,yahoo_intraday_range_2026-01_to_2026-06,,2026-06-13
AGO,no_reopen,false,false,true,true,valid_months=6 avg_monthly_range_pct=8.9989 below 10,yahoo_intraday_range_2026-01_to_2026-06,,2026-06-13
AIIA,no_reopen,false,false,true,true,valid_months=6 avg_monthly_range_pct=1.1840 below 10,yahoo_intraday_range_2026-01_to_2026-06,,2026-06-13
ALDF,no_reopen,false,false,true,true,valid_months=6 avg_monthly_range_pct=0.6196 below 10,yahoo_intraday_range_2026-01_to_2026-06,,2026-06-13
ALF,no_reopen,false,false,true,true,valid_months=6 avg_monthly_range_pct=0.8236 below 10,yahoo_intraday_range_2026-01_to_2026-06,,2026-06-13
ALIS,no_reopen,false,false,true,true,valid_months=6 avg_monthly_range_pct=0.7401 below 10,yahoo_intraday_range_2026-01_to_2026-06,,2026-06-13
ALL,no_reopen,false,false,true,true,valid_months=6 avg_monthly_range_pct=9.8345 below 10,yahoo_intraday_range_2026-01_to_2026-06,,2026-06-13
ALUB,no_reopen,false,false,true,true,valid_months=6 avg_monthly_range_pct=0.8962 below 10,yahoo_intraday_range_2026-01_to_2026-06,,2026-06-13
ANSC,no_reopen,false,false,true,true,valid_months=6 avg_monthly_range_pct=0.7255 below 10,yahoo_intraday_range_2026-01_to_2026-06,,2026-06-13
AOD,no_reopen,false,false,true,true,valid_months=6 avg_monthly_range_pct=9.9835 below 10,yahoo_intraday_range_2026-01_to_2026-06,,2026-06-13
APAC,no_reopen,false,false,true,true,valid_months=6 avg_monthly_range_pct=0.6010 below 10,yahoo_intraday_range_2026-01_to_2026-06,,2026-06-13
APD,no_reopen,false,false,true,true,valid_months=6 avg_monthly_range_pct=9.8735 below 10,yahoo_intraday_range_2026-01_to_2026-06,,2026-06-13
APXT,no_reopen,false,false,true,true,valid_months=6 avg_monthly_range_pct=0.7304 below 10,yahoo_intraday_range_2026-01_to_2026-06,,2026-06-13
ARDC,no_reopen,false,false,true,true,valid_months=6 avg_monthly_range_pct=5.6857 below 10,yahoo_intraday_range_2026-01_to_2026-06,,2026-06-13
ARI,no_reopen,false,false,true,true,valid_months=6 avg_monthly_range_pct=7.4147 below 10,yahoo_intraday_range_2026-01_to_2026-06,,2026-06-13
ARTNA,no_reopen,false,false,true,true,valid_months=6 avg_monthly_range_pct=8.7171 below 10,yahoo_intraday_range_2026-01_to_2026-06,,2026-06-13
ASG,no_reopen,false,false,true,true,valid_months=6 avg_monthly_range_pct=7.9959 below 10,yahoo_intraday_range_2026-01_to_2026-06,,2026-06-13
ATII,no_reopen,false,false,true,true,valid_months=6 avg_monthly_range_pct=3.4649 below 10,yahoo_intraday_range_2026-01_to_2026-06,,2026-06-13
ATLO,no_reopen,false,false,true,true,valid_months=6 avg_monthly_range_pct=9.7231 below 10,yahoo_intraday_range_2026-01_to_2026-06,,2026-06-13
ATO,no_reopen,false,false,true,true,valid_months=6 avg_monthly_range_pct=8.1441 below 10,yahoo_intraday_range_2026-01_to_2026-06,,2026-06-13
AVA,no_reopen,false,false,true,true,valid_months=6 avg_monthly_range_pct=7.4374 below 10,yahoo_intraday_range_2026-01_to_2026-06,,2026-06-13
AVB,no_reopen,false,false,true,true,valid_months=6 avg_monthly_range_pct=8.6877 below 10,yahoo_intraday_range_2026-01_to_2026-06,,2026-06-13
AWK,no_reopen,false,false,true,true,valid_months=6 avg_monthly_range_pct=8.4202 below 10,yahoo_intraday_range_2026-01_to_2026-06,,2026-06-13
AWP,no_reopen,false,false,true,true,valid_months=6 avg_monthly_range_pct=8.7995 below 10,yahoo_intraday_range_2026-01_to_2026-06,,2026-06-13
AWR,no_reopen,false,false,true,true,valid_months=6 avg_monthly_range_pct=7.8179 below 10,yahoo_intraday_range_2026-01_to_2026-06,,2026-06-13
AXIN,no_reopen,false,false,true,true,valid_months=6 avg_monthly_range_pct=0.9490 below 10,yahoo_intraday_range_2026-01_to_2026-06,,2026-06-13
AXS,no_reopen,false,false,true,true,valid_months=6 avg_monthly_range_pct=8.5882 below 10,yahoo_intraday_range_2026-01_to_2026-06,,2026-06-13
BACC,no_reopen,false,false,true,true,valid_months=6 avg_monthly_range_pct=1.2801 below 10,yahoo_intraday_range_2026-01_to_2026-06,,2026-06-13
BAYA,no_reopen,false,false,true,true,valid_months=6 avg_monthly_range_pct=5.8954 below 10,yahoo_intraday_range_2026-01_to_2026-06,,2026-06-13
BBCQ,no_reopen,false,false,true,true,valid_months=6 avg_monthly_range_pct=3.7465 below 10,yahoo_intraday_range_2026-01_to_2026-06,,2026-06-13
BCAL,no_reopen,false,false,true,true,valid_months=6 avg_monthly_range_pct=8.8116 below 10,yahoo_intraday_range_2026-01_to_2026-06,,2026-06-13
BCAR,no_reopen,false,false,true,true,valid_months=6 avg_monthly_range_pct=4.3061 below 10,yahoo_intraday_range_2026-01_to_2026-06,,2026-06-13
BCAT,no_reopen,false,false,true,true,valid_months=6 avg_monthly_range_pct=6.5919 below 10,yahoo_intraday_range_2026-01_to_2026-06,,2026-06-13
BCE,no_reopen,false,false,true,true,valid_months=6 avg_monthly_range_pct=7.8155 below 10,yahoo_intraday_range_2026-01_to_2026-06,,2026-06-13
BCSS,no_reopen,false,false,true,true,valid_months=6 avg_monthly_range_pct=0.9143 below 10,yahoo_intraday_range_2026-01_to_2026-06,,2026-06-13
BDCI,no_reopen,false,false,true,true,valid_months=6 avg_monthly_range_pct=0.6668 below 10,yahoo_intraday_range_2026-01_to_2026-06,,2026-06-13
BDJ,no_reopen,false,false,true,true,valid_months=6 avg_monthly_range_pct=6.3765 below 10,yahoo_intraday_range_2026-01_to_2026-06,,2026-06-13
BEAG,no_reopen,false,false,true,true,valid_months=6 avg_monthly_range_pct=1.5594 below 10,yahoo_intraday_range_2026-01_to_2026-06,,2026-06-13
BFS,no_reopen,false,false,true,true,valid_months=6 avg_monthly_range_pct=9.3193 below 10,yahoo_intraday_range_2026-01_to_2026-06,,2026-06-13
BFST,no_reopen,false,false,true,true,valid_months=6 avg_monthly_range_pct=9.6969 below 10,yahoo_intraday_range_2026-01_to_2026-06,,2026-06-13
BGB,no_reopen,false,false,true,true,valid_months=6 avg_monthly_range_pct=3.4367 below 10,yahoo_intraday_range_2026-01_to_2026-06,,2026-06-13
BGH,no_reopen,false,false,true,true,valid_months=6 avg_monthly_range_pct=5.5075 below 10,yahoo_intraday_range_2026-01_to_2026-06,,2026-06-13
BGT,no_reopen,false,false,true,true,valid_months=6 avg_monthly_range_pct=4.3929 below 10,yahoo_intraday_range_2026-01_to_2026-06,,2026-06-13
BGY,no_reopen,false,false,true,true,valid_months=6 avg_monthly_range_pct=7.5961 below 10,yahoo_intraday_range_2026-01_to_2026-06,,2026-06-13
BHF,no_reopen,false,false,true,true,valid_months=6 avg_monthly_range_pct=4.4700 below 10,yahoo_intraday_range_2026-01_to_2026-06,,2026-06-13
BHRB,no_reopen,false,false,true,true,valid_months=6 avg_monthly_range_pct=9.4573 below 10,yahoo_intraday_range_2026-01_to_2026-06,,2026-06-13
BIII,no_reopen,false,false,true,true,valid_months=6 avg_monthly_range_pct=0.6913 below 10,yahoo_intraday_range_2026-01_to_2026-06,,2026-06-13
BIO.B,no_reopen,false,false,true,true,valid_months=6 avg_monthly_range_pct=8.8817 below 10,yahoo_intraday_range_2026-01_to_2026-06,,2026-06-13
BIT,no_reopen,false,false,true,true,valid_months=6 avg_monthly_range_pct=4.0997 below 10,yahoo_intraday_range_2026-01_to_2026-06,,2026-06-13
BIXI,no_reopen,false,false,true,true,valid_months=6 avg_monthly_range_pct=0.6667 below 10,yahoo_intraday_range_2026-01_to_2026-06,,2026-06-13
BKH,no_reopen,false,false,true,true,valid_months=6 avg_monthly_range_pct=9.7858 below 10,yahoo_intraday_range_2026-01_to_2026-06,,2026-06-13
BKHA,no_reopen,false,false,true,true,valid_months=6 avg_monthly_range_pct=2.9887 below 10,yahoo_intraday_range_2026-01_to_2026-06,,2026-06-13
BKT,no_reopen,false,false,true,true,valid_months=6 avg_monthly_range_pct=3.3404 below 10,yahoo_intraday_range_2026-01_to_2026-06,,2026-06-13
BLUW,no_reopen,false,false,true,true,valid_months=6 avg_monthly_range_pct=0.9666 below 10,yahoo_intraday_range_2026-01_to_2026-06,,2026-06-13
BLW,no_reopen,false,false,true,true,valid_months=6 avg_monthly_range_pct=5.2744 below 10,yahoo_intraday_range_2026-01_to_2026-06,,2026-06-13
BLZR,no_reopen,false,false,true,true,valid_months=6 avg_monthly_range_pct=0.6565 below 10,yahoo_intraday_range_2026-01_to_2026-06,,2026-06-13
BME,no_reopen,false,false,true,true,valid_months=6 avg_monthly_range_pct=6.3155 below 10,yahoo_intraday_range_2026-01_to_2026-06,,2026-06-13
BMEZ,no_reopen,false,false,true,true,valid_months=6 avg_monthly_range_pct=6.5860 below 10,yahoo_intraday_range_2026-01_to_2026-06,,2026-06-13
BMN,no_reopen,false,false,true,true,valid_months=6 avg_monthly_range_pct=6.1752 below 10,yahoo_intraday_range_2026-01_to_2026-06,,2026-06-13
BMY,no_reopen,false,false,true,true,valid_months=6 avg_monthly_range_pct=9.8651 below 10,yahoo_intraday_range_2026-01_to_2026-06,,2026-06-13
BNL,no_reopen,false,false,true,true,valid_months=6 avg_monthly_range_pct=9.4838 below 10,yahoo_intraday_range_2026-01_to_2026-06,,2026-06-13
BNS,no_reopen,false,false,true,true,valid_months=6 avg_monthly_range_pct=8.9897 below 10,yahoo_intraday_range_2026-01_to_2026-06,,2026-06-13
BOE,no_reopen,false,false,true,true,valid_months=6 avg_monthly_range_pct=6.3380 below 10,yahoo_intraday_range_2026-01_to_2026-06,,2026-06-13
BPAC,no_reopen,false,false,true,true,valid_months=6 avg_monthly_range_pct=0.7541 below 10,yahoo_intraday_range_2026-01_to_2026-06,,2026-06-13
BRK.B,no_reopen,false,false,true,true,valid_months=6 avg_monthly_range_pct=6.0867 below 10,yahoo_intraday_range_2026-01_to_2026-06,,2026-06-13
BRT,no_reopen,false,false,true,true,valid_months=6 avg_monthly_range_pct=8.2783 below 10,yahoo_intraday_range_2026-01_to_2026-06,,2026-06-13
BRW,no_reopen,false,false,true,true,valid_months=6 avg_monthly_range_pct=5.5072 below 10,yahoo_intraday_range_2026-01_to_2026-06,,2026-06-13
BRX,no_reopen,false,false,true,true,valid_months=6 avg_monthly_range_pct=9.8948 below 10,yahoo_intraday_range_2026-01_to_2026-06,,2026-06-13
BSBK,no_reopen,false,false,true,true,valid_months=6 avg_monthly_range_pct=5.6075 below 10,yahoo_intraday_range_2026-01_to_2026-06,,2026-06-13
BSL,no_reopen,false,false,true,true,valid_months=6 avg_monthly_range_pct=3.5855 below 10,yahoo_intraday_range_2026-01_to_2026-06,,2026-06-13
BTO,no_reopen,false,false,true,true,valid_months=6 avg_monthly_range_pct=9.4566 below 10,yahoo_intraday_range_2026-01_to_2026-06,,2026-06-13
BTT,no_reopen,false,false,true,true,valid_months=6 avg_monthly_range_pct=2.5294 below 10,yahoo_intraday_range_2026-01_to_2026-06,,2026-06-13
BTZ,no_reopen,false,false,true,true,valid_months=6 avg_monthly_range_pct=4.7301 below 10,yahoo_intraday_range_2026-01_to_2026-06,,2026-06-13
BUI,no_reopen,false,false,true,true,valid_months=6 avg_monthly_range_pct=9.4526 below 10,yahoo_intraday_range_2026-01_to_2026-06,,2026-06-13
BUSE,no_reopen,false,false,true,true,valid_months=6 avg_monthly_range_pct=9.7489 below 10,yahoo_intraday_range_2026-01_to_2026-06,,2026-06-13
BVFL,no_reopen,false,false,true,true,valid_months=6 avg_monthly_range_pct=9.3083 below 10,yahoo_intraday_range_2026-01_to_2026-06,,2026-06-13
BWG,no_reopen,false,false,true,true,valid_months=6 avg_monthly_range_pct=6.3923 below 10,yahoo_intraday_range_2026-01_to_2026-06,,2026-06-13
BXMT,no_reopen,false,false,true,true,valid_months=6 avg_monthly_range_pct=7.8840 below 10,yahoo_intraday_range_2026-01_to_2026-06,,2026-06-13
BXSL,no_reopen,false,false,true,true,valid_months=6 avg_monthly_range_pct=8.3170 below 10,yahoo_intraday_range_2026-01_to_2026-06,,2026-06-13
BY,no_reopen,false,false,true,true,valid_months=6 avg_monthly_range_pct=9.0635 below 10,yahoo_intraday_range_2026-01_to_2026-06,,2026-06-13
CAF,no_reopen,false,false,true,true,valid_months=6 avg_monthly_range_pct=8.6731 below 10,yahoo_intraday_range_2026-01_to_2026-06,,2026-06-13
CAPN,no_reopen,false,false,true,true,valid_months=6 avg_monthly_range_pct=1.6272 below 10,yahoo_intraday_range_2026-01_to_2026-06,,2026-06-13
CB,no_reopen,false,false,true,true,valid_months=6 avg_monthly_range_pct=7.9049 below 10,yahoo_intraday_range_2026-01_to_2026-06,,2026-06-13
CBAN,no_reopen,false,false,true,true,valid_months=6 avg_monthly_range_pct=9.9659 below 10,yahoo_intraday_range_2026-01_to_2026-06,,2026-06-13
CBC,no_reopen,false,false,true,true,valid_months=6 avg_monthly_range_pct=9.3590 below 10,yahoo_intraday_range_2026-01_to_2026-06,,2026-06-13
CBFV,no_reopen,false,false,true,true,valid_months=6 avg_monthly_range_pct=8.3108 below 10,yahoo_intraday_range_2026-01_to_2026-06,,2026-06-13
CBSH,no_reopen,false,false,true,true,valid_months=6 avg_monthly_range_pct=8.9256 below 10,yahoo_intraday_range_2026-01_to_2026-06,,2026-06-13
CCAQ,no_reopen,false,false,true,true,valid_months=6 avg_monthly_range_pct=0.9225 below 10,yahoo_intraday_range_2026-01_to_2026-06,,2026-06-13
CCII,no_reopen,false,false,true,true,valid_months=6 avg_monthly_range_pct=0.9146 below 10,yahoo_intraday_range_2026-01_to_2026-06,,2026-06-13
CCIX,no_reopen,false,false,true,true,valid_months=6 avg_monthly_range_pct=1.8955 below 10,yahoo_intraday_range_2026-01_to_2026-06,,2026-06-13
CCO,no_reopen,false,false,true,true,valid_months=6 avg_monthly_range_pct=7.4014 below 10,yahoo_intraday_range_2026-01_to_2026-06,,2026-06-13
CEPF,no_reopen,false,false,true,true,valid_months=6 avg_monthly_range_pct=1.8451 below 10,yahoo_intraday_range_2026-01_to_2026-06,,2026-06-13
CEPO,no_reopen,false,false,true,true,valid_months=6 avg_monthly_range_pct=1.0296 below 10,yahoo_intraday_range_2026-01_to_2026-06,,2026-06-13
CEPV,no_reopen,false,false,true,true,valid_months=6 avg_monthly_range_pct=1.2753 below 10,yahoo_intraday_range_2026-01_to_2026-06,,2026-06-13
CFFN,no_reopen,false,false,true,true,valid_months=6 avg_monthly_range_pct=9.8902 below 10,yahoo_intraday_range_2026-01_to_2026-06,,2026-06-13
CHAR,no_reopen,false,false,true,true,valid_months=6 avg_monthly_range_pct=1.3282 below 10,yahoo_intraday_range_2026-01_to_2026-06,,2026-06-13
CHCO,no_reopen,false,false,true,true,valid_months=6 avg_monthly_range_pct=7.5709 below 10,yahoo_intraday_range_2026-01_to_2026-06,,2026-06-13
CHEC,no_reopen,false,false,true,true,valid_months=6 avg_monthly_range_pct=1.2129 below 10,yahoo_intraday_range_2026-01_to_2026-06,,2026-06-13
CHPG,no_reopen,false,false,true,true,valid_months=6 avg_monthly_range_pct=0.8273 below 10,yahoo_intraday_range_2026-01_to_2026-06,,2026-06-13
CHT,no_reopen,false,false,true,true,valid_months=6 avg_monthly_range_pct=6.4018 below 10,yahoo_intraday_range_2026-01_to_2026-06,,2026-06-13
CII,no_reopen,false,false,true,true,valid_months=6 avg_monthly_range_pct=9.1967 below 10,yahoo_intraday_range_2026-01_to_2026-06,,2026-06-13
CINF,no_reopen,false,false,true,true,valid_months=6 avg_monthly_range_pct=8.8328 below 10,yahoo_intraday_range_2026-01_to_2026-06,,2026-06-13
CLST,no_reopen,false,false,true,true,valid_months=6 avg_monthly_range_pct=5.7418 below 10,yahoo_intraday_range_2026-01_to_2026-06,,2026-06-13
CMS,no_reopen,false,false,true,true,valid_months=6 avg_monthly_range_pct=7.9122 below 10,yahoo_intraday_range_2026-01_to_2026-06,,2026-06-13
CNA,no_reopen,false,false,true,true,valid_months=6 avg_monthly_range_pct=9.9684 below 10,yahoo_intraday_range_2026-01_to_2026-06,,2026-06-13
CNP,no_reopen,false,false,true,true,valid_months=6 avg_monthly_range_pct=7.1001 below 10,yahoo_intraday_range_2026-01_to_2026-06,,2026-06-13
COLA,no_reopen,false,false,true,true,valid_months=6 avg_monthly_range_pct=3.1499 below 10,yahoo_intraday_range_2026-01_to_2026-06,,2026-06-13
COPL,no_reopen,false,false,true,true,valid_months=6 avg_monthly_range_pct=1.3604 below 10,yahoo_intraday_range_2026-01_to_2026-06,,2026-06-13
COSO,no_reopen,false,false,true,true,valid_months=6 avg_monthly_range_pct=7.7142 below 10,yahoo_intraday_range_2026-01_to_2026-06,,2026-06-13
CPBI,no_reopen,false,false,true,true,valid_months=6 avg_monthly_range_pct=4.7170 below 10,yahoo_intraday_range_2026-01_to_2026-06,,2026-06-13
CPHC,no_reopen,false,false,true,true,valid_months=6 avg_monthly_range_pct=5.8159 below 10,yahoo_intraday_range_2026-01_to_2026-06,,2026-06-13
CPK,no_reopen,false,false,true,true,valid_months=6 avg_monthly_range_pct=8.1101 below 10,yahoo_intraday_range_2026-01_to_2026-06,,2026-06-13
CPT,no_reopen,false,false,true,true,valid_months=6 avg_monthly_range_pct=8.9291 below 10,yahoo_intraday_range_2026-01_to_2026-06,,2026-06-13
CRAC,no_reopen,false,false,true,true,valid_months=6 avg_monthly_range_pct=0.5513 below 10,yahoo_intraday_range_2026-01_to_2026-06,,2026-06-13
CRAN,no_reopen,false,false,true,true,valid_months=6 avg_monthly_range_pct=1.0475 below 10,yahoo_intraday_range_2026-01_to_2026-06,,2026-06-13
CRAQ,no_reopen,false,false,true,true,valid_months=6 avg_monthly_range_pct=0.5171 below 10,yahoo_intraday_range_2026-01_to_2026-06,,2026-06-13
CSWC,no_reopen,false,false,true,true,valid_months=6 avg_monthly_range_pct=8.1858 below 10,yahoo_intraday_range_2026-01_to_2026-06,,2026-06-13
CTO,no_reopen,false,false,true,true,valid_months=6 avg_monthly_range_pct=9.8118 below 10,yahoo_intraday_range_2026-01_to_2026-06,,2026-06-13
CTVA,no_reopen,false,false,true,true,valid_months=6 avg_monthly_range_pct=9.8917 below 10,yahoo_intraday_range_2026-01_to_2026-06,,2026-06-13
CUB,no_reopen,false,false,true,true,valid_months=6 avg_monthly_range_pct=1.0700 below 10,yahoo_intraday_range_2026-01_to_2026-06,,2026-06-13
CWAN,no_reopen,false,false,true,true,valid_months=6 avg_monthly_range_pct=2.4494 below 10,yahoo_intraday_range_2026-01_to_2026-06,,2026-06-13
CWBC,no_reopen,false,false,true,true,valid_months=6 avg_monthly_range_pct=9.7122 below 10,yahoo_intraday_range_2026-01_to_2026-06,,2026-06-13
CWT,no_reopen,false,false,true,true,valid_months=6 avg_monthly_range_pct=9.9399 below 10,yahoo_intraday_range_2026-01_to_2026-06,,2026-06-13
D,no_reopen,false,false,true,true,valid_months=6 avg_monthly_range_pct=9.4622 below 10,yahoo_intraday_range_2026-01_to_2026-06,,2026-06-13
DAAQ,no_reopen,false,false,true,true,valid_months=6 avg_monthly_range_pct=0.5707 below 10,yahoo_intraday_range_2026-01_to_2026-06,,2026-06-13
DBL,no_reopen,false,false,true,true,valid_months=6 avg_monthly_range_pct=3.8194 below 10,yahoo_intraday_range_2026-01_to_2026-06,,2026-06-13
DBRG,no_reopen,false,false,true,true,valid_months=6 avg_monthly_range_pct=1.2177 below 10,yahoo_intraday_range_2026-01_to_2026-06,,2026-06-13
DHF,no_reopen,false,false,true,true,valid_months=6 avg_monthly_range_pct=4.0429 below 10,yahoo_intraday_range_2026-01_to_2026-06,,2026-06-13
DIS,no_reopen,false,false,true,true,valid_months=6 avg_monthly_range_pct=9.7275 below 10,yahoo_intraday_range_2026-01_to_2026-06,,2026-06-13
DLY,no_reopen,false,false,true,true,valid_months=6 avg_monthly_range_pct=4.1266 below 10,yahoo_intraday_range_2026-01_to_2026-06,,2026-06-13
DMA,no_reopen,false,false,true,true,valid_months=6 avg_monthly_range_pct=8.9264 below 10,yahoo_intraday_range_2026-01_to_2026-06,,2026-06-13
DMAA,no_reopen,false,false,true,true,valid_months=6 avg_monthly_range_pct=0.7243 below 10,yahoo_intraday_range_2026-01_to_2026-06,,2026-06-13
DMII,no_reopen,false,false,true,true,valid_months=6 avg_monthly_range_pct=0.6116 below 10,yahoo_intraday_range_2026-01_to_2026-06,,2026-06-13
DMO,no_reopen,false,false,true,true,valid_months=6 avg_monthly_range_pct=4.9742 below 10,yahoo_intraday_range_2026-01_to_2026-06,,2026-06-13
DNMX,no_reopen,false,false,true,true,valid_months=6 avg_monthly_range_pct=0.5647 below 10,yahoo_intraday_range_2026-01_to_2026-06,,2026-06-13
DPG,no_reopen,false,false,true,true,valid_months=6 avg_monthly_range_pct=7.1408 below 10,yahoo_intraday_range_2026-01_to_2026-06,,2026-06-13
DRDB,no_reopen,false,false,true,true,valid_months=6 avg_monthly_range_pct=0.7339 below 10,yahoo_intraday_range_2026-01_to_2026-06,,2026-06-13
DSAC,no_reopen,false,false,true,true,valid_months=6 avg_monthly_range_pct=0.8558 below 10,yahoo_intraday_range_2026-01_to_2026-06,,2026-06-13
DSL,no_reopen,false,false,true,true,valid_months=6 avg_monthly_range_pct=5.0567 below 10,yahoo_intraday_range_2026-01_to_2026-06,,2026-06-13
DSU,no_reopen,false,false,true,true,valid_months=6 avg_monthly_range_pct=3.8791 below 10,yahoo_intraday_range_2026-01_to_2026-06,,2026-06-13
DTE,no_reopen,false,false,true,true,valid_months=6 avg_monthly_range_pct=9.1748 below 10,yahoo_intraday_range_2026-01_to_2026-06,,2026-06-13
DTF,no_reopen,false,false,true,true,valid_months=6 avg_monthly_range_pct=1.8076 below 10,yahoo_intraday_range_2026-01_to_2026-06,,2026-06-13
DTSQ,no_reopen,false,false,true,true,valid_months=6 avg_monthly_range_pct=2.6666 below 10,yahoo_intraday_range_2026-01_to_2026-06,,2026-06-13
DUK,no_reopen,false,false,true,true,valid_months=6 avg_monthly_range_pct=7.2166 below 10,yahoo_intraday_range_2026-01_to_2026-06,,2026-06-13
DX,no_reopen,false,false,true,true,valid_months=6 avg_monthly_range_pct=8.5472 below 10,yahoo_intraday_range_2026-01_to_2026-06,,2026-06-13
DYNC,no_reopen,false,false,true,true,valid_months=6 avg_monthly_range_pct=1.4396 below 10,yahoo_intraday_range_2026-01_to_2026-06,,2026-06-13
DYOR,no_reopen,false,false,true,true,valid_months=6 avg_monthly_range_pct=1.5196 below 10,yahoo_intraday_range_2026-01_to_2026-06,,2026-06-13
EA,no_reopen,false,false,true,true,valid_months=6 avg_monthly_range_pct=2.0451 below 10,yahoo_intraday_range_2026-01_to_2026-06,,2026-06-13
EBF,no_reopen,false,false,true,true,valid_months=6 avg_monthly_range_pct=9.6011 below 10,yahoo_intraday_range_2026-01_to_2026-06,,2026-06-13
ECAT,no_reopen,false,false,true,true,valid_months=6 avg_monthly_range_pct=7.9576 below 10,yahoo_intraday_range_2026-01_to_2026-06,,2026-06-13
ED,no_reopen,false,false,true,true,valid_months=6 avg_monthly_range_pct=8.1939 below 10,yahoo_intraday_range_2026-01_to_2026-06,,2026-06-13
EEA,no_reopen,false,false,true,true,valid_months=6 avg_monthly_range_pct=9.1123 below 10,yahoo_intraday_range_2026-01_to_2026-06,,2026-06-13
EFC,no_reopen,false,false,true,true,valid_months=6 avg_monthly_range_pct=8.8981 below 10,yahoo_intraday_range_2026-01_to_2026-06,,2026-06-13
EFR,no_reopen,false,false,true,true,valid_months=6 avg_monthly_range_pct=3.7183 below 10,yahoo_intraday_range_2026-01_to_2026-06,,2026-06-13
EFT,no_reopen,false,false,true,true,valid_months=6 avg_monthly_range_pct=4.2741 below 10,yahoo_intraday_range_2026-01_to_2026-06,,2026-06-13
EGHA,no_reopen,false,false,true,true,valid_months=6 avg_monthly_range_pct=1.8526 below 10,yahoo_intraday_range_2026-01_to_2026-06,,2026-06-13
EGP,no_reopen,false,false,true,true,valid_months=6 avg_monthly_range_pct=8.0019 below 10,yahoo_intraday_range_2026-01_to_2026-06,,2026-06-13
EIC,no_reopen,false,false,true,true,valid_months=6 avg_monthly_range_pct=8.8036 below 10,yahoo_intraday_range_2026-01_to_2026-06,,2026-06-13
ELS,no_reopen,false,false,true,true,valid_months=6 avg_monthly_range_pct=8.4031 below 10,yahoo_intraday_range_2026-01_to_2026-06,,2026-06-13
EMA,no_reopen,false,false,true,true,valid_months=6 avg_monthly_range_pct=6.1421 below 10,yahoo_intraday_range_2026-01_to_2026-06,,2026-06-13
EMD,no_reopen,false,false,true,true,valid_months=6 avg_monthly_range_pct=8.1220 below 10,yahoo_intraday_range_2026-01_to_2026-06,,2026-06-13
EMIS,no_reopen,false,false,true,true,valid_months=6 avg_monthly_range_pct=0.7158 below 10,yahoo_intraday_range_2026-01_to_2026-06,,2026-06-13
EMO,no_reopen,false,false,true,true,valid_months=6 avg_monthly_range_pct=9.0645 below 10,yahoo_intraday_range_2026-01_to_2026-06,,2026-06-13
ENB,no_reopen,false,false,true,true,valid_months=6 avg_monthly_range_pct=8.2800 below 10,yahoo_intraday_range_2026-01_to_2026-06,,2026-06-13
EOD,no_reopen,false,false,true,true,valid_months=6 avg_monthly_range_pct=8.0557 below 10,yahoo_intraday_range_2026-01_to_2026-06,,2026-06-13
EOT,no_reopen,false,false,true,true,valid_months=6 avg_monthly_range_pct=4.9744 below 10,yahoo_intraday_range_2026-01_to_2026-06,,2026-06-13
EPD,no_reopen,false,false,true,true,valid_months=6 avg_monthly_range_pct=8.9889 below 10,yahoo_intraday_range_2026-01_to_2026-06,,2026-06-13
EPRT,no_reopen,false,false,true,true,valid_months=6 avg_monthly_range_pct=9.9540 below 10,yahoo_intraday_range_2026-01_to_2026-06,,2026-06-13
EQBK,no_reopen,false,false,true,true,valid_months=6 avg_monthly_range_pct=8.5433 below 10,yahoo_intraday_range_2026-01_to_2026-06,,2026-06-13
EQR,no_reopen,false,false,true,true,valid_months=6 avg_monthly_range_pct=8.3529 below 10,yahoo_intraday_range_2026-01_to_2026-06,,2026-06-13
ESS,no_reopen,false,false,true,true,valid_months=6 avg_monthly_range_pct=8.2042 below 10,yahoo_intraday_range_2026-01_to_2026-06,,2026-06-13
ETO,no_reopen,false,false,true,true,valid_months=6 avg_monthly_range_pct=8.5996 below 10,yahoo_intraday_range_2026-01_to_2026-06,,2026-06-13
ETR,no_reopen,false,false,true,true,valid_months=6 avg_monthly_range_pct=9.6651 below 10,yahoo_intraday_range_2026-01_to_2026-06,,2026-06-13
ETV,no_reopen,false,false,true,true,valid_months=6 avg_monthly_range_pct=6.2322 below 10,yahoo_intraday_range_2026-01_to_2026-06,,2026-06-13
ETW,no_reopen,false,false,true,true,valid_months=6 avg_monthly_range_pct=6.2060 below 10,yahoo_intraday_range_2026-01_to_2026-06,,2026-06-13
ETX,no_reopen,false,false,true,true,valid_months=6 avg_monthly_range_pct=3.1121 below 10,yahoo_intraday_range_2026-01_to_2026-06,,2026-06-13
EURK,no_reopen,false,false,true,true,valid_months=6 avg_monthly_range_pct=3.4830 below 10,yahoo_intraday_range_2026-01_to_2026-06,,2026-06-13
EVAC,no_reopen,false,false,true,true,valid_months=6 avg_monthly_range_pct=0.8283 below 10,yahoo_intraday_range_2026-01_to_2026-06,,2026-06-13
EVF,no_reopen,false,false,true,true,valid_months=6 avg_monthly_range_pct=3.3817 below 10,yahoo_intraday_range_2026-01_to_2026-06,,2026-06-13
EVN,no_reopen,false,false,true,true,valid_months=6 avg_monthly_range_pct=5.3178 below 10,yahoo_intraday_range_2026-01_to_2026-06,,2026-06-13
EVOX,no_reopen,false,false,true,true,valid_months=6 avg_monthly_range_pct=0.8818 below 10,yahoo_intraday_range_2026-01_to_2026-06,,2026-06-13
EVRG,no_reopen,false,false,true,true,valid_months=6 avg_monthly_range_pct=7.7301 below 10,yahoo_intraday_range_2026-01_to_2026-06,,2026-06-13
EXC,no_reopen,false,false,true,true,valid_months=6 avg_monthly_range_pct=9.0515 below 10,yahoo_intraday_range_2026-01_to_2026-06,,2026-06-13
FACT,no_reopen,false,false,true,true,valid_months=6 avg_monthly_range_pct=1.1454 below 10,yahoo_intraday_range_2026-01_to_2026-06,,2026-06-13
FBLA,no_reopen,false,false,true,true,valid_months=6 avg_monthly_range_pct=5.7365 below 10,yahoo_intraday_range_2026-01_to_2026-06,,2026-06-13
FCCO,no_reopen,false,false,true,true,valid_months=6 avg_monthly_range_pct=8.7387 below 10,yahoo_intraday_range_2026-01_to_2026-06,,2026-06-13
FCF,no_reopen,false,false,true,true,valid_months=6 avg_monthly_range_pct=8.9826 below 10,yahoo_intraday_range_2026-01_to_2026-06,,2026-06-13
FCPT,no_reopen,false,false,true,true,valid_months=6 avg_monthly_range_pct=8.6824 below 10,yahoo_intraday_range_2026-01_to_2026-06,,2026-06-13
FCRS,no_reopen,false,false,true,true,valid_months=6 avg_monthly_range_pct=1.6710 below 10,yahoo_intraday_range_2026-01_to_2026-06,,2026-06-13
FDSB,no_reopen,false,false,true,true,valid_months=6 avg_monthly_range_pct=3.2836 below 10,yahoo_intraday_range_2026-01_to_2026-06,,2026-06-13
FE,no_reopen,false,false,true,true,valid_months=6 avg_monthly_range_pct=8.9194 below 10,yahoo_intraday_range_2026-01_to_2026-06,,2026-06-13
FERA,no_reopen,false,false,true,true,valid_months=6 avg_monthly_range_pct=0.4370 below 10,yahoo_intraday_range_2026-01_to_2026-06,,2026-06-13
FGMC,no_reopen,false,false,true,true,valid_months=6 avg_monthly_range_pct=3.9893 below 10,yahoo_intraday_range_2026-01_to_2026-06,,2026-06-13
FHI,no_reopen,false,false,true,true,valid_months=6 avg_monthly_range_pct=8.8884 below 10,yahoo_intraday_range_2026-01_to_2026-06,,2026-06-13
FIGX,no_reopen,false,false,true,true,valid_months=6 avg_monthly_range_pct=0.6016 below 10,yahoo_intraday_range_2026-01_to_2026-06,,2026-06-13
FINS,no_reopen,false,false,true,true,valid_months=6 avg_monthly_range_pct=3.7583 below 10,yahoo_intraday_range_2026-01_to_2026-06,,2026-06-13
FLC,no_reopen,false,false,true,true,valid_months=6 avg_monthly_range_pct=5.0549 below 10,yahoo_intraday_range_2026-01_to_2026-06,,2026-06-13
FMBH,no_reopen,false,false,true,true,valid_months=6 avg_monthly_range_pct=9.8665 below 10,yahoo_intraday_range_2026-01_to_2026-06,,2026-06-13
FMNB,no_reopen,false,false,true,true,valid_months=6 avg_monthly_range_pct=8.9023 below 10,yahoo_intraday_range_2026-01_to_2026-06,,2026-06-13
FNLC,no_reopen,false,false,true,true,valid_months=6 avg_monthly_range_pct=8.7851 below 10,yahoo_intraday_range_2026-01_to_2026-06,,2026-06-13
FNRN,no_reopen,false,false,true,true,valid_months=6 avg_monthly_range_pct=9.9615 below 10,yahoo_intraday_range_2026-01_to_2026-06,,2026-06-13
FR,no_reopen,false,false,true,true,valid_months=6 avg_monthly_range_pct=9.5751 below 10,yahoo_intraday_range_2026-01_to_2026-06,,2026-06-13
FRME,no_reopen,false,false,true,true,valid_months=6 avg_monthly_range_pct=9.2529 below 10,yahoo_intraday_range_2026-01_to_2026-06,,2026-06-13
FRT,no_reopen,false,false,true,true,valid_months=6 avg_monthly_range_pct=8.0992 below 10,yahoo_intraday_range_2026-01_to_2026-06,,2026-06-13
FSHP,no_reopen,false,false,true,true,valid_months=6 avg_monthly_range_pct=2.4226 below 10,yahoo_intraday_range_2026-01_to_2026-06,,2026-06-13
FUSB,no_reopen,false,false,true,true,valid_months=6 avg_monthly_range_pct=8.0787 below 10,yahoo_intraday_range_2026-01_to_2026-06,,2026-06-13
FVN,no_reopen,false,false,true,true,valid_months=6 avg_monthly_range_pct=0.5931 below 10,yahoo_intraday_range_2026-01_to_2026-06,,2026-06-13
GABC,no_reopen,false,false,true,true,valid_months=6 avg_monthly_range_pct=8.7903 below 10,yahoo_intraday_range_2026-01_to_2026-06,,2026-06-13
GBLI,no_reopen,false,false,true,true,valid_months=6 avg_monthly_range_pct=8.0199 below 10,yahoo_intraday_range_2026-01_to_2026-06,,2026-06-13
GD,no_reopen,false,false,true,true,valid_months=6 avg_monthly_range_pct=9.4416 below 10,yahoo_intraday_range_2026-01_to_2026-06,,2026-06-13
GIW,no_reopen,false,false,true,true,valid_months=6 avg_monthly_range_pct=0.5945 below 10,yahoo_intraday_range_2026-01_to_2026-06,,2026-06-13
GL,no_reopen,false,false,true,true,valid_months=6 avg_monthly_range_pct=9.4429 below 10,yahoo_intraday_range_2026-01_to_2026-06,,2026-06-13
GLPI,no_reopen,false,false,true,true,valid_months=6 avg_monthly_range_pct=9.0493 below 10,yahoo_intraday_range_2026-01_to_2026-06,,2026-06-13
GNL,no_reopen,false,false,true,true,valid_months=6 avg_monthly_range_pct=7.8365 below 10,yahoo_intraday_range_2026-01_to_2026-06,,2026-06-13
GPAC,no_reopen,false,false,true,true,valid_months=6 avg_monthly_range_pct=0.7073 below 10,yahoo_intraday_range_2026-01_to_2026-06,,2026-06-13
GPAT,no_reopen,false,false,true,true,valid_months=6 avg_monthly_range_pct=3.1162 below 10,yahoo_intraday_range_2026-01_to_2026-06,,2026-06-13
GSHR,no_reopen,false,false,true,true,valid_months=6 avg_monthly_range_pct=0.6316 below 10,yahoo_intraday_range_2026-01_to_2026-06,,2026-06-13
GSRF,no_reopen,false,false,true,true,valid_months=6 avg_monthly_range_pct=0.5003 below 10,yahoo_intraday_range_2026-01_to_2026-06,,2026-06-13
GTEN,no_reopen,false,false,true,true,valid_months=6 avg_monthly_range_pct=0.9579 below 10,yahoo_intraday_range_2026-01_to_2026-06,,2026-06-13
GTERA,no_reopen,false,false,true,true,valid_months=6 avg_monthly_range_pct=0.8261 below 10,yahoo_intraday_range_2026-01_to_2026-06,,2026-06-13
GTLS,no_reopen,false,false,true,true,valid_months=6 avg_monthly_range_pct=0.9309 below 10,yahoo_intraday_range_2026-01_to_2026-06,,2026-06-13
GTY,no_reopen,false,false,true,true,valid_months=6 avg_monthly_range_pct=9.4498 below 10,yahoo_intraday_range_2026-01_to_2026-06,,2026-06-13
HAVA,no_reopen,false,false,true,true,valid_months=6 avg_monthly_range_pct=0.4335 below 10,yahoo_intraday_range_2026-01_to_2026-06,,2026-06-13
HBCP,no_reopen,false,false,true,true,valid_months=6 avg_monthly_range_pct=9.7357 below 10,yahoo_intraday_range_2026-01_to_2026-06,,2026-06-13
HCAC,no_reopen,false,false,true,true,valid_months=6 avg_monthly_range_pct=0.6785 below 10,yahoo_intraday_range_2026-01_to_2026-06,,2026-06-13
HCMA,no_reopen,false,false,true,true,valid_months=6 avg_monthly_range_pct=0.9988 below 10,yahoo_intraday_range_2026-01_to_2026-06,,2026-06-13
HIG,no_reopen,false,false,true,true,valid_months=6 avg_monthly_range_pct=7.5844 below 10,yahoo_intraday_range_2026-01_to_2026-06,,2026-06-13
HLT,no_reopen,false,false,true,true,valid_months=6 avg_monthly_range_pct=9.8722 below 10,yahoo_intraday_range_2026-01_to_2026-06,,2026-06-13
HLXC,no_reopen,false,false,true,true,valid_months=6 avg_monthly_range_pct=2.3340 below 10,yahoo_intraday_range_2026-01_to_2026-06,,2026-06-13
HMN,no_reopen,false,false,true,true,valid_months=6 avg_monthly_range_pct=9.7400 below 10,yahoo_intraday_range_2026-01_to_2026-06,,2026-06-13
HNNA,no_reopen,false,false,true,true,valid_months=6 avg_monthly_range_pct=8.4731 below 10,yahoo_intraday_range_2026-01_to_2026-06,,2026-06-13
HOMB,no_reopen,false,false,true,true,valid_months=6 avg_monthly_range_pct=9.4359 below 10,yahoo_intraday_range_2026-01_to_2026-06,,2026-06-13
HTO,no_reopen,false,false,true,true,valid_months=6 avg_monthly_range_pct=9.5037 below 10,yahoo_intraday_range_2026-01_to_2026-06,,2026-06-13
HVII,no_reopen,false,false,true,true,valid_months=6 avg_monthly_range_pct=0.9165 below 10,yahoo_intraday_range_2026-01_to_2026-06,,2026-06-13
HVMC,no_reopen,false,false,true,true,valid_months=6 avg_monthly_range_pct=0.8462 below 10,yahoo_intraday_range_2026-01_to_2026-06,,2026-06-13
HYNE,no_reopen,false,false,true,true,valid_months=6 avg_monthly_range_pct=6.1200 below 10,yahoo_intraday_range_2026-01_to_2026-06,,2026-06-13
IBAC,no_reopen,false,false,true,true,valid_months=6 avg_monthly_range_pct=3.1112 below 10,yahoo_intraday_range_2026-01_to_2026-06,,2026-06-13
IBOC,no_reopen,false,false,true,true,valid_months=6 avg_monthly_range_pct=9.3982 below 10,yahoo_intraday_range_2026-01_to_2026-06,,2026-06-13
IDA,no_reopen,false,false,true,true,valid_months=6 avg_monthly_range_pct=7.7722 below 10,yahoo_intraday_range_2026-01_to_2026-06,,2026-06-13
IGAC,no_reopen,false,false,true,true,valid_months=6 avg_monthly_range_pct=0.6470 below 10,yahoo_intraday_range_2026-01_to_2026-06,,2026-06-13
IMXI,no_reopen,false,false,true,true,valid_months=6 avg_monthly_range_pct=2.9656 below 10,yahoo_intraday_range_2026-01_to_2026-06,,2026-06-13
INAC,no_reopen,false,false,true,true,valid_months=6 avg_monthly_range_pct=0.8246 below 10,yahoo_intraday_range_2026-01_to_2026-06,,2026-06-13
INGR,no_reopen,false,false,true,true,valid_months=6 avg_monthly_range_pct=9.1622 below 10,yahoo_intraday_range_2026-01_to_2026-06,,2026-06-13
IPCX,no_reopen,false,false,true,true,valid_months=6 avg_monthly_range_pct=0.5893 below 10,yahoo_intraday_range_2026-01_to_2026-06,,2026-06-13
IPEX,no_reopen,false,false,true,true,valid_months=6 avg_monthly_range_pct=0.6602 below 10,yahoo_intraday_range_2026-01_to_2026-06,,2026-06-13
ITHA,no_reopen,false,false,true,true,valid_months=6 avg_monthly_range_pct=0.6232 below 10,yahoo_intraday_range_2026-01_to_2026-06,,2026-06-13
JHG,no_reopen,false,false,true,true,valid_months=6 avg_monthly_range_pct=3.3271 below 10,yahoo_intraday_range_2026-01_to_2026-06,,2026-06-13
JMSB,no_reopen,false,false,true,true,valid_months=6 avg_monthly_range_pct=9.1420 below 10,yahoo_intraday_range_2026-01_to_2026-06,,2026-06-13
JNJ,no_reopen,false,false,true,true,valid_months=6 avg_monthly_range_pct=9.8573 below 10,yahoo_intraday_range_2026-01_to_2026-06,,2026-06-13
KBON,no_reopen,false,false,true,true,valid_months=6 avg_monthly_range_pct=0.7630 below 10,yahoo_intraday_range_2026-01_to_2026-06,,2026-06-13
KCHV,no_reopen,false,false,true,true,valid_months=6 avg_monthly_range_pct=0.7160 below 10,yahoo_intraday_range_2026-01_to_2026-06,,2026-06-13
KFII,no_reopen,false,false,true,true,valid_months=6 avg_monthly_range_pct=0.6970 below 10,yahoo_intraday_range_2026-01_to_2026-06,,2026-06-13
KIM,no_reopen,false,false,true,true,valid_months=6 avg_monthly_range_pct=9.4474 below 10,yahoo_intraday_range_2026-01_to_2026-06,,2026-06-13
KO,no_reopen,false,false,true,true,valid_months=6 avg_monthly_range_pct=9.1581 below 10,yahoo_intraday_range_2026-01_to_2026-06,,2026-06-13
KOYN,no_reopen,false,false,true,true,valid_months=6 avg_monthly_range_pct=0.4996 below 10,yahoo_intraday_range_2026-01_to_2026-06,,2026-06-13
KRG,no_reopen,false,false,true,true,valid_months=6 avg_monthly_range_pct=9.7324 below 10,yahoo_intraday_range_2026-01_to_2026-06,,2026-06-13
KVAC,no_reopen,false,false,true,true,valid_months=6 avg_monthly_range_pct=2.1882 below 10,yahoo_intraday_range_2026-01_to_2026-06,,2026-06-13
KVUE,no_reopen,false,false,true,true,valid_months=6 avg_monthly_range_pct=9.1583 below 10,yahoo_intraday_range_2026-01_to_2026-06,,2026-06-13
KW,no_reopen,false,false,true,true,valid_months=6 avg_monthly_range_pct=4.2869 below 10,yahoo_intraday_range_2026-01_to_2026-06,,2026-06-13
L,no_reopen,false,false,true,true,valid_months=6 avg_monthly_range_pct=8.2063 below 10,yahoo_intraday_range_2026-01_to_2026-06,,2026-06-13
LATA,no_reopen,false,false,true,true,valid_months=6 avg_monthly_range_pct=0.9694 below 10,yahoo_intraday_range_2026-01_to_2026-06,,2026-06-13
LAWR,no_new_open,false,false,true,true,valid_months=6 avg_monthly_range_pct=0.0000 below 10,yahoo_intraday_range_2026-01_to_2026-06,,2026-06-13
LCCC,no_reopen,false,false,true,true,valid_months=6 avg_monthly_range_pct=0.6064 below 10,yahoo_intraday_range_2026-01_to_2026-06,,2026-06-13
LFAC,no_reopen,false,false,true,true,valid_months=6 avg_monthly_range_pct=1.3149 below 10,yahoo_intraday_range_2026-01_to_2026-06,,2026-06-13
LIN,no_reopen,false,false,true,true,valid_months=6 avg_monthly_range_pct=8.7142 below 10,yahoo_intraday_range_2026-01_to_2026-06,,2026-06-13
LKSP,no_reopen,false,false,true,true,valid_months=6 avg_monthly_range_pct=0.4916 below 10,yahoo_intraday_range_2026-01_to_2026-06,,2026-06-13
LNT,no_reopen,false,false,true,true,valid_months=6 avg_monthly_range_pct=7.2810 below 10,yahoo_intraday_range_2026-01_to_2026-06,,2026-06-13
LOAN,no_reopen,false,false,true,true,valid_months=6 avg_monthly_range_pct=8.0036 below 10,yahoo_intraday_range_2026-01_to_2026-06,,2026-06-13
LOKV,no_reopen,false,false,true,true,valid_months=6 avg_monthly_range_pct=2.7556 below 10,yahoo_intraday_range_2026-01_to_2026-06,,2026-06-13
LPAA,no_reopen,false,false,true,true,valid_months=6 avg_monthly_range_pct=0.7344 below 10,yahoo_intraday_range_2026-01_to_2026-06,,2026-06-13
LPBB,no_reopen,false,false,true,true,valid_months=6 avg_monthly_range_pct=0.7179 below 10,yahoo_intraday_range_2026-01_to_2026-06,,2026-06-13
LSBK,no_reopen,false,false,true,true,valid_months=6 avg_monthly_range_pct=5.6756 below 10,yahoo_intraday_range_2026-01_to_2026-06,,2026-06-13
LWAC,no_reopen,false,false,true,true,valid_months=6 avg_monthly_range_pct=0.5364 below 10,yahoo_intraday_range_2026-01_to_2026-06,,2026-06-13
LXP,no_reopen,false,false,true,true,valid_months=6 avg_monthly_range_pct=9.6228 below 10,yahoo_intraday_range_2026-01_to_2026-06,,2026-06-13
MAA,no_reopen,false,false,true,true,valid_months=6 avg_monthly_range_pct=8.1899 below 10,yahoo_intraday_range_2026-01_to_2026-06,,2026-06-13
MACI,no_reopen,false,false,true,true,valid_months=6 avg_monthly_range_pct=1.5578 below 10,yahoo_intraday_range_2026-01_to_2026-06,,2026-06-13
MAGH,no_new_open,false,false,true,true,valid_months=6 avg_monthly_range_pct=0.0000 below 10,yahoo_intraday_range_2026-01_to_2026-06,,2026-06-13
MASI,no_new_open,false,false,true,true,valid_months=6 avg_monthly_range_pct=9.7631 below 10,yahoo_intraday_range_2026-01_to_2026-06,,2026-06-13
MBAV,no_reopen,false,false,true,true,valid_months=6 avg_monthly_range_pct=4.3797 below 10,yahoo_intraday_range_2026-01_to_2026-06,,2026-06-13
MBVI,no_reopen,false,false,true,true,valid_months=6 avg_monthly_range_pct=0.7971 below 10,yahoo_intraday_range_2026-01_to_2026-06,,2026-06-13
MCD,no_reopen,false,false,true,true,valid_months=6 avg_monthly_range_pct=8.2237 below 10,yahoo_intraday_range_2026-01_to_2026-06,,2026-06-13
MCGA,no_reopen,false,false,true,true,valid_months=6 avg_monthly_range_pct=0.8390 below 10,yahoo_intraday_range_2026-01_to_2026-06,,2026-06-13
MCTA,no_new_open,false,false,true,true,valid_months=6 avg_monthly_range_pct=0.0000 below 10,yahoo_intraday_range_2026-01_to_2026-06,,2026-06-13
MDU,no_reopen,false,false,true,true,valid_months=6 avg_monthly_range_pct=8.0631 below 10,yahoo_intraday_range_2026-01_to_2026-06,,2026-06-13
MESH,no_reopen,false,false,true,true,valid_months=6 avg_monthly_range_pct=0.4207 below 10,yahoo_intraday_range_2026-01_to_2026-06,,2026-06-13
MGEE,no_reopen,false,false,true,true,valid_months=6 avg_monthly_range_pct=9.3084 below 10,yahoo_intraday_range_2026-01_to_2026-06,,2026-06-13
MGYR,no_reopen,false,false,true,true,valid_months=6 avg_monthly_range_pct=7.8518 below 10,yahoo_intraday_range_2026-01_to_2026-06,,2026-06-13
MKLY,no_reopen,false,false,true,true,valid_months=6 avg_monthly_range_pct=0.8141 below 10,yahoo_intraday_range_2026-01_to_2026-06,,2026-06-13
MMTX,no_reopen,false,false,true,true,valid_months=6 avg_monthly_range_pct=0.4966 below 10,yahoo_intraday_range_2026-01_to_2026-06,,2026-06-13
MTG,no_reopen,false,false,true,true,valid_months=6 avg_monthly_range_pct=9.8429 below 10,yahoo_intraday_range_2026-01_to_2026-06,,2026-06-13
NATH,no_reopen,false,false,true,true,valid_months=6 avg_monthly_range_pct=3.7298 below 10,yahoo_intraday_range_2026-01_to_2026-06,,2026-06-13
NBTB,no_reopen,false,false,true,true,valid_months=6 avg_monthly_range_pct=9.8373 below 10,yahoo_intraday_range_2026-01_to_2026-06,,2026-06-13
NECB,no_reopen,false,false,true,true,valid_months=6 avg_monthly_range_pct=9.3075 below 10,yahoo_intraday_range_2026-01_to_2026-06,,2026-06-13
NEE,no_reopen,false,false,true,true,valid_months=6 avg_monthly_range_pct=9.7712 below 10,yahoo_intraday_range_2026-01_to_2026-06,,2026-06-13
NFBK,no_reopen,false,false,true,true,valid_months=6 avg_monthly_range_pct=6.8821 below 10,yahoo_intraday_range_2026-01_to_2026-06,,2026-06-13
NFG,no_reopen,false,false,true,true,valid_months=6 avg_monthly_range_pct=9.5914 below 10,yahoo_intraday_range_2026-01_to_2026-06,,2026-06-13
NHIC,no_reopen,false,false,true,true,valid_months=6 avg_monthly_range_pct=4.0581 below 10,yahoo_intraday_range_2026-01_to_2026-06,,2026-06-13
NI,no_reopen,false,false,true,true,valid_months=6 avg_monthly_range_pct=7.1890 below 10,yahoo_intraday_range_2026-01_to_2026-06,,2026-06-13
NJR,no_reopen,false,false,true,true,valid_months=6 avg_monthly_range_pct=8.2668 below 10,yahoo_intraday_range_2026-01_to_2026-06,,2026-06-13
NLY,no_reopen,false,false,true,true,valid_months=6 avg_monthly_range_pct=9.0753 below 10,yahoo_intraday_range_2026-01_to_2026-06,,2026-06-13
NMP,no_reopen,false,false,true,true,valid_months=6 avg_monthly_range_pct=0.5030 below 10,yahoo_intraday_range_2026-01_to_2026-06,,2026-06-13
NNN,no_reopen,false,false,true,true,valid_months=6 avg_monthly_range_pct=8.8695 below 10,yahoo_intraday_range_2026-01_to_2026-06,,2026-06-13
NODK,no_reopen,false,false,true,true,valid_months=6 avg_monthly_range_pct=9.5764 below 10,yahoo_intraday_range_2026-01_to_2026-06,,2026-06-13
NOEM,no_reopen,false,false,true,true,valid_months=6 avg_monthly_range_pct=0.9188 below 10,yahoo_intraday_range_2026-01_to_2026-06,,2026-06-13
NPAC,no_reopen,false,false,true,true,valid_months=6 avg_monthly_range_pct=0.9992 below 10,yahoo_intraday_range_2026-01_to_2026-06,,2026-06-13
NSC,no_reopen,false,false,true,true,valid_months=6 avg_monthly_range_pct=9.7696 below 10,yahoo_intraday_range_2026-01_to_2026-06,,2026-06-13
NSTS,no_reopen,false,false,true,true,valid_months=6 avg_monthly_range_pct=7.0503 below 10,yahoo_intraday_range_2026-01_to_2026-06,,2026-06-13
NTWO,no_reopen,false,false,true,true,valid_months=6 avg_monthly_range_pct=0.6097 below 10,yahoo_intraday_range_2026-01_to_2026-06,,2026-06-13
NUTR,no_new_open,false,false,true,true,valid_months=6 avg_monthly_range_pct=0.0000 below 10,yahoo_intraday_range_2026-01_to_2026-06,,2026-06-13
NWBI,no_reopen,false,false,true,true,valid_months=6 avg_monthly_range_pct=9.2705 below 10,yahoo_intraday_range_2026-01_to_2026-06,,2026-06-13
NWE,no_reopen,false,false,true,true,valid_months=6 avg_monthly_range_pct=9.9392 below 10,yahoo_intraday_range_2026-01_to_2026-06,,2026-06-13
NWFL,no_reopen,false,false,true,true,valid_months=6 avg_monthly_range_pct=9.8053 below 10,yahoo_intraday_range_2026-01_to_2026-06,,2026-06-13
NWN,no_reopen,false,false,true,true,valid_months=6 avg_monthly_range_pct=8.4431 below 10,yahoo_intraday_range_2026-01_to_2026-06,,2026-06-13
O,no_reopen,false,false,true,true,valid_months=6 avg_monthly_range_pct=9.2052 below 10,yahoo_intraday_range_2026-01_to_2026-06,,2026-06-13
OACC,no_reopen,false,false,true,true,valid_months=6 avg_monthly_range_pct=1.1973 below 10,yahoo_intraday_range_2026-01_to_2026-06,,2026-06-13
OBA,no_reopen,false,false,true,true,valid_months=6 avg_monthly_range_pct=0.5272 below 10,yahoo_intraday_range_2026-01_to_2026-06,,2026-06-13
OGE,no_reopen,false,false,true,true,valid_months=6 avg_monthly_range_pct=8.3176 below 10,yahoo_intraday_range_2026-01_to_2026-06,,2026-06-13
OGS,no_reopen,false,false,true,true,valid_months=6 avg_monthly_range_pct=8.3164 below 10,yahoo_intraday_range_2026-01_to_2026-06,,2026-06-13
ONCH,no_reopen,false,false,true,true,valid_months=6 avg_monthly_range_pct=0.7052 below 10,yahoo_intraday_range_2026-01_to_2026-06,,2026-06-13
ORIQ,no_reopen,false,false,true,true,valid_months=6 avg_monthly_range_pct=0.6709 below 10,yahoo_intraday_range_2026-01_to_2026-06,,2026-06-13
OTGA,no_reopen,false,false,true,true,valid_months=6 avg_monthly_range_pct=0.7058 below 10,yahoo_intraday_range_2026-01_to_2026-06,,2026-06-13
OTTR,no_reopen,false,false,true,true,valid_months=6 avg_monthly_range_pct=8.9732 below 10,yahoo_intraday_range_2026-01_to_2026-06,,2026-06-13
OVLY,no_reopen,false,false,true,true,valid_months=6 avg_monthly_range_pct=9.2815 below 10,yahoo_intraday_range_2026-01_to_2026-06,,2026-06-13
OYSE,no_reopen,false,false,true,true,valid_months=6 avg_monthly_range_pct=0.7752 below 10,yahoo_intraday_range_2026-01_to_2026-06,,2026-06-13
OZK,no_reopen,false,false,true,true,valid_months=6 avg_monthly_range_pct=9.8922 below 10,yahoo_intraday_range_2026-01_to_2026-06,,2026-06-13
PACH,no_reopen,false,false,true,true,valid_months=6 avg_monthly_range_pct=0.5681 below 10,yahoo_intraday_range_2026-01_to_2026-06,,2026-06-13
PAGP,no_reopen,false,false,true,true,valid_months=6 avg_monthly_range_pct=9.8724 below 10,yahoo_intraday_range_2026-01_to_2026-06,,2026-06-13
PBFS,no_reopen,false,false,true,true,valid_months=6 avg_monthly_range_pct=9.3569 below 10,yahoo_intraday_range_2026-01_to_2026-06,,2026-06-13
PC,no_new_open,false,false,true,true,valid_months=6 avg_monthly_range_pct=0.0000 below 10,yahoo_intraday_range_2026-01_to_2026-06,,2026-06-13
PCAP,no_reopen,false,false,true,true,valid_months=6 avg_monthly_range_pct=0.5832 below 10,yahoo_intraday_range_2026-01_to_2026-06,,2026-06-13
PCB,no_reopen,false,false,true,true,valid_months=6 avg_monthly_range_pct=9.8253 below 10,yahoo_intraday_range_2026-01_to_2026-06,,2026-06-13
PDLB,no_reopen,false,false,true,true,valid_months=6 avg_monthly_range_pct=9.4623 below 10,yahoo_intraday_range_2026-01_to_2026-06,,2026-06-13
PEBK,no_reopen,false,false,true,true,valid_months=6 avg_monthly_range_pct=9.9395 below 10,yahoo_intraday_range_2026-01_to_2026-06,,2026-06-13
PEBO,no_reopen,false,false,true,true,valid_months=6 avg_monthly_range_pct=8.4687 below 10,yahoo_intraday_range_2026-01_to_2026-06,,2026-06-13
PECO,no_reopen,false,false,true,true,valid_months=6 avg_monthly_range_pct=8.4289 below 10,yahoo_intraday_range_2026-01_to_2026-06,,2026-06-13
PEG,no_reopen,false,false,true,true,valid_months=6 avg_monthly_range_pct=7.8327 below 10,yahoo_intraday_range_2026-01_to_2026-06,,2026-06-13
PEN,no_reopen,false,false,true,true,valid_months=6 avg_monthly_range_pct=7.6012 below 10,yahoo_intraday_range_2026-01_to_2026-06,,2026-06-13
PFE,no_reopen,false,false,true,true,valid_months=6 avg_monthly_range_pct=7.9119 below 10,yahoo_intraday_range_2026-01_to_2026-06,,2026-06-13
PGAC,no_reopen,false,false,true,true,valid_months=6 avg_monthly_range_pct=0.5263 below 10,yahoo_intraday_range_2026-01_to_2026-06,,2026-06-13
PGR,no_reopen,false,false,true,true,valid_months=6 avg_monthly_range_pct=8.9822 below 10,yahoo_intraday_range_2026-01_to_2026-06,,2026-06-13
PLD,no_reopen,false,false,true,true,valid_months=6 avg_monthly_range_pct=9.7442 below 10,yahoo_intraday_range_2026-01_to_2026-06,,2026-06-13
PLMK,no_reopen,false,false,true,true,valid_months=6 avg_monthly_range_pct=1.3899 below 10,yahoo_intraday_range_2026-01_to_2026-06,,2026-06-13
PLTS,no_new_open,false,false,true,true,valid_months=6 avg_monthly_range_pct=0.0000 below 10,yahoo_intraday_range_2026-01_to_2026-06,,2026-06-13
PMTR,no_reopen,false,false,true,true,valid_months=6 avg_monthly_range_pct=1.4152 below 10,yahoo_intraday_range_2026-01_to_2026-06,,2026-06-13
PNW,no_reopen,false,false,true,true,valid_months=6 avg_monthly_range_pct=7.9571 below 10,yahoo_intraday_range_2026-01_to_2026-06,,2026-06-13
POLE,no_reopen,false,false,true,true,valid_months=6 avg_monthly_range_pct=0.5824 below 10,yahoo_intraday_range_2026-01_to_2026-06,,2026-06-13
POR,no_reopen,false,false,true,true,valid_months=6 avg_monthly_range_pct=7.9665 below 10,yahoo_intraday_range_2026-01_to_2026-06,,2026-06-13
PPL,no_reopen,false,false,true,true,valid_months=6 avg_monthly_range_pct=8.1695 below 10,yahoo_intraday_range_2026-01_to_2026-06,,2026-06-13
PRA,no_reopen,false,false,true,true,valid_months=6 avg_monthly_range_pct=2.7051 below 10,yahoo_intraday_range_2026-01_to_2026-06,,2026-06-13
PROV,no_reopen,false,false,true,true,valid_months=6 avg_monthly_range_pct=5.0034 below 10,yahoo_intraday_range_2026-01_to_2026-06,,2026-06-13
PTNM,no_new_open,false,false,true,true,valid_months=6 avg_monthly_range_pct=0.0000 below 10,yahoo_intraday_range_2026-01_to_2026-06,,2026-06-13
QETA,no_reopen,false,false,true,true,valid_months=6 avg_monthly_range_pct=5.9479 below 10,yahoo_intraday_range_2026-01_to_2026-06,,2026-06-13
QMMM,no_new_open,false,false,true,true,valid_months=6 avg_monthly_range_pct=0.0000 below 10,yahoo_intraday_range_2026-01_to_2026-06,,2026-06-13
QSEA,no_reopen,false,false,true,true,valid_months=6 avg_monthly_range_pct=1.3610 below 10,yahoo_intraday_range_2026-01_to_2026-06,,2026-06-13
QUMS,no_reopen,false,false,true,true,valid_months=6 avg_monthly_range_pct=0.6289 below 10,yahoo_intraday_range_2026-01_to_2026-06,,2026-06-13
RAAQ,no_reopen,false,false,true,true,valid_months=6 avg_monthly_range_pct=7.0175 below 10,yahoo_intraday_range_2026-01_to_2026-06,,2026-06-13
RANG,no_reopen,false,false,true,true,valid_months=6 avg_monthly_range_pct=2.5471 below 10,yahoo_intraday_range_2026-01_to_2026-06,,2026-06-13
RDAG,no_reopen,false,false,true,true,valid_months=6 avg_monthly_range_pct=0.9896 below 10,yahoo_intraday_range_2026-01_to_2026-06,,2026-06-13
REFI,no_reopen,false,false,true,true,valid_months=6 avg_monthly_range_pct=9.9474 below 10,yahoo_intraday_range_2026-01_to_2026-06,,2026-06-13
REG,no_reopen,false,false,true,true,valid_months=6 avg_monthly_range_pct=7.9425 below 10,yahoo_intraday_range_2026-01_to_2026-06,,2026-06-13
RFAI,no_reopen,false,false,true,true,valid_months=6 avg_monthly_range_pct=1.6697 below 10,yahoo_intraday_range_2026-01_to_2026-06,,2026-06-13
RGA,no_reopen,false,false,true,true,valid_months=6 avg_monthly_range_pct=9.8112 below 10,yahoo_intraday_range_2026-01_to_2026-06,,2026-06-13
RIBB,no_reopen,false,false,true,true,valid_months=6 avg_monthly_range_pct=2.1884 below 10,yahoo_intraday_range_2026-01_to_2026-06,,2026-06-13
RNGT,no_reopen,false,false,true,true,valid_months=6 avg_monthly_range_pct=0.8528 below 10,yahoo_intraday_range_2026-01_to_2026-06,,2026-06-13
RNR,no_reopen,false,false,true,true,valid_months=6 avg_monthly_range_pct=9.3588 below 10,yahoo_intraday_range_2026-01_to_2026-06,,2026-06-13
RPRX,no_reopen,false,false,true,true,valid_months=6 avg_monthly_range_pct=9.2823 below 10,yahoo_intraday_range_2026-01_to_2026-06,,2026-06-13
RSG,no_reopen,false,false,true,true,valid_months=6 avg_monthly_range_pct=9.3251 below 10,yahoo_intraday_range_2026-01_to_2026-06,,2026-06-13
RTAC,no_reopen,false,false,true,true,valid_months=6 avg_monthly_range_pct=2.1088 below 10,yahoo_intraday_range_2026-01_to_2026-06,,2026-06-13
SAFT,no_reopen,false,false,true,true,valid_months=6 avg_monthly_range_pct=8.1640 below 10,yahoo_intraday_range_2026-01_to_2026-06,,2026-06-13
SCII,no_new_open,false,false,true,true,valid_months=6 avg_monthly_range_pct=0.7034 below 10,yahoo_intraday_range_2026-01_to_2026-06,,2026-06-13
SDHI,no_new_open,false,false,true,true,valid_months=6 avg_monthly_range_pct=0.6234 below 10,yahoo_intraday_range_2026-01_to_2026-06,,2026-06-13
SDM,no_new_open,false,false,true,true,valid_months=6 avg_monthly_range_pct=0.0000 below 10,yahoo_intraday_range_2026-01_to_2026-06,,2026-06-13
SELF,no_new_open,false,false,true,true,valid_months=6 avg_monthly_range_pct=7.0687 below 10,yahoo_intraday_range_2026-01_to_2026-06,,2026-06-13
SEM,no_reopen,false,false,true,true,valid_months=6 avg_monthly_range_pct=5.6869 below 10,yahoo_intraday_range_2026-01_to_2026-06,,2026-06-13
SEVN,no_new_open,false,false,true,true,valid_months=6 avg_monthly_range_pct=7.8944 below 10,yahoo_intraday_range_2026-01_to_2026-06,,2026-06-13
SFBC,no_new_open,false,false,true,true,valid_months=6 avg_monthly_range_pct=8.0135 below 10,yahoo_intraday_range_2026-01_to_2026-06,,2026-06-13
SIMA,no_new_open,false,false,true,true,valid_months=6 avg_monthly_range_pct=6.6374 below 10,yahoo_intraday_range_2026-01_to_2026-06,,2026-06-13
SMBC,no_new_open,false,false,true,true,valid_months=6 avg_monthly_range_pct=9.0975 below 10,yahoo_intraday_range_2026-01_to_2026-06,,2026-06-13
SNA,no_reopen,false,false,true,true,valid_months=6 avg_monthly_range_pct=9.3708 below 10,yahoo_intraday_range_2026-01_to_2026-06,,2026-06-13
SNFCA,no_new_open,false,false,true,true,valid_months=6 avg_monthly_range_pct=9.9616 below 10,yahoo_intraday_range_2026-01_to_2026-06,,2026-06-13
SO,no_reopen,false,false,true,true,valid_months=6 avg_monthly_range_pct=7.4057 below 10,yahoo_intraday_range_2026-01_to_2026-06,,2026-06-13
SOCA,no_new_open,false,false,true,true,valid_months=6 avg_monthly_range_pct=0.8668 below 10,yahoo_intraday_range_2026-01_to_2026-06,,2026-06-13
SPEG,no_new_open,false,false,true,true,valid_months=6 avg_monthly_range_pct=0.4933 below 10,yahoo_intraday_range_2026-01_to_2026-06,,2026-06-13
SPG,no_reopen,false,false,true,true,valid_months=6 avg_monthly_range_pct=9.6529 below 10,yahoo_intraday_range_2026-01_to_2026-06,,2026-06-13
SPKL,no_new_open,false,false,true,true,valid_months=6 avg_monthly_range_pct=6.5432 below 10,yahoo_intraday_range_2026-01_to_2026-06,,2026-06-13
SR,no_reopen,false,false,true,true,valid_months=6 avg_monthly_range_pct=8.3062 below 10,yahoo_intraday_range_2026-01_to_2026-06,,2026-06-13
SRBK,no_new_open,false,false,true,true,valid_months=6 avg_monthly_range_pct=9.5017 below 10,yahoo_intraday_range_2026-01_to_2026-06,,2026-06-13
SRCE,no_new_open,false,false,true,true,valid_months=6 avg_monthly_range_pct=9.9442 below 10,yahoo_intraday_range_2026-01_to_2026-06,,2026-06-13
SRE,no_reopen,false,false,true,true,valid_months=6 avg_monthly_range_pct=9.3954 below 10,yahoo_intraday_range_2026-01_to_2026-06,,2026-06-13
SSBI,no_new_open,false,false,true,true,valid_months=6 avg_monthly_range_pct=9.2528 below 10,yahoo_intraday_range_2026-01_to_2026-06,,2026-06-13
SSEA,no_new_open,false,false,true,true,valid_months=6 avg_monthly_range_pct=0.7588 below 10,yahoo_intraday_range_2026-01_to_2026-06,,2026-06-13
STAG,no_reopen,false,false,true,true,valid_months=6 avg_monthly_range_pct=8.2203 below 10,yahoo_intraday_range_2026-01_to_2026-06,,2026-06-13
STBA,no_reopen,false,false,true,true,valid_months=6 avg_monthly_range_pct=9.0732 below 10,yahoo_intraday_range_2026-01_to_2026-06,,2026-06-13
STEL,no_reopen,false,false,true,true,valid_months=6 avg_monthly_range_pct=9.8825 below 10,yahoo_intraday_range_2026-01_to_2026-06,,2026-06-13
STWD,no_reopen,false,false,true,true,valid_months=6 avg_monthly_range_pct=6.8022 below 10,yahoo_intraday_range_2026-01_to_2026-06,,2026-06-13
SVAC,no_new_open,false,false,true,true,valid_months=6 avg_monthly_range_pct=6.9139 below 10,yahoo_intraday_range_2026-01_to_2026-06,,2026-06-13
SVCC,no_new_open,false,false,true,true,valid_months=6 avg_monthly_range_pct=0.6392 below 10,yahoo_intraday_range_2026-01_to_2026-06,,2026-06-13
SWX,no_reopen,false,false,true,true,valid_months=6 avg_monthly_range_pct=8.9283 below 10,yahoo_intraday_range_2026-01_to_2026-06,,2026-06-13
SZZL,no_new_open,false,false,true,true,valid_months=6 avg_monthly_range_pct=0.8327 below 10,yahoo_intraday_range_2026-01_to_2026-06,,2026-06-13
TACH,no_new_open,false,false,true,true,valid_months=6 avg_monthly_range_pct=0.6876 below 10,yahoo_intraday_range_2026-01_to_2026-06,,2026-06-13
TACO,no_new_open,false,false,true,true,valid_months=6 avg_monthly_range_pct=1.3225 below 10,yahoo_intraday_range_2026-01_to_2026-06,,2026-06-13
TAVI,no_new_open,false,false,true,true,valid_months=6 avg_monthly_range_pct=2.8667 below 10,yahoo_intraday_range_2026-01_to_2026-06,,2026-06-13
TCBK,no_new_open,false,false,true,true,valid_months=6 avg_monthly_range_pct=9.3075 below 10,yahoo_intraday_range_2026-01_to_2026-06,,2026-06-13
TCBS,no_new_open,false,false,true,true,valid_months=6 avg_monthly_range_pct=9.0991 below 10,yahoo_intraday_range_2026-01_to_2026-06,,2026-06-13
TDAC,no_new_open,false,false,true,true,valid_months=6 avg_monthly_range_pct=0.9660 below 10,yahoo_intraday_range_2026-01_to_2026-06,,2026-06-13
TDWD,no_new_open,false,false,true,true,valid_months=6 avg_monthly_range_pct=0.6627 below 10,yahoo_intraday_range_2026-01_to_2026-06,,2026-06-13
THG,no_reopen,false,false,true,true,valid_months=6 avg_monthly_range_pct=9.0751 below 10,yahoo_intraday_range_2026-01_to_2026-06,,2026-06-13
TJX,no_reopen,false,false,true,true,valid_months=6 avg_monthly_range_pct=9.0214 below 10,yahoo_intraday_range_2026-01_to_2026-06,,2026-06-13
TLNC,no_new_open,false,false,true,true,valid_months=6 avg_monthly_range_pct=2.8271 below 10,yahoo_intraday_range_2026-01_to_2026-06,,2026-06-13
TOWN,no_new_open,false,false,true,true,valid_months=6 avg_monthly_range_pct=9.9402 below 10,yahoo_intraday_range_2026-01_to_2026-06,,2026-06-13
TRMK,no_reopen,false,false,true,true,valid_months=6 avg_monthly_range_pct=9.0573 below 10,yahoo_intraday_range_2026-01_to_2026-06,,2026-06-13
TRNO,no_reopen,false,false,true,true,valid_months=6 avg_monthly_range_pct=9.2636 below 10,yahoo_intraday_range_2026-01_to_2026-06,,2026-06-13
TRV,no_reopen,false,false,true,true,valid_months=6 avg_monthly_range_pct=8.3049 below 10,yahoo_intraday_range_2026-01_to_2026-06,,2026-06-13
TVA,no_new_open,false,false,true,true,valid_months=6 avg_monthly_range_pct=3.2477 below 10,yahoo_intraday_range_2026-01_to_2026-06,,2026-06-13
TVAI,no_new_open,false,false,true,true,valid_months=6 avg_monthly_range_pct=0.5241 below 10,yahoo_intraday_range_2026-01_to_2026-06,,2026-06-13
TWLV,no_new_open,false,false,true,true,valid_months=6 avg_monthly_range_pct=1.9585 below 10,yahoo_intraday_range_2026-01_to_2026-06,,2026-06-13
TXNM,no_reopen,false,false,true,true,valid_months=6 avg_monthly_range_pct=2.0982 below 10,yahoo_intraday_range_2026-01_to_2026-06,,2026-06-13
UCFI,no_new_open,false,false,true,true,valid_months=6 avg_monthly_range_pct=0.0000 below 10,yahoo_intraday_range_2026-01_to_2026-06,,2026-06-13
UDR,no_reopen,false,false,true,true,valid_months=6 avg_monthly_range_pct=9.5493 below 10,yahoo_intraday_range_2026-01_to_2026-06,,2026-06-13
UE,no_reopen,false,false,true,true,valid_months=6 avg_monthly_range_pct=9.2638 below 10,yahoo_intraday_range_2026-01_to_2026-06,,2026-06-13
UGI,no_reopen,false,false,true,true,valid_months=6 avg_monthly_range_pct=9.9241 below 10,yahoo_intraday_range_2026-01_to_2026-06,,2026-06-13
UHT,no_reopen,false,false,true,true,valid_months=6 avg_monthly_range_pct=9.3314 below 10,yahoo_intraday_range_2026-01_to_2026-06,,2026-06-13
UNB,no_new_open,false,false,true,true,valid_months=6 avg_monthly_range_pct=8.9618 below 10,yahoo_intraday_range_2026-01_to_2026-06,,2026-06-13
UTL,no_reopen,false,false,true,true,valid_months=6 avg_monthly_range_pct=7.9153 below 10,yahoo_intraday_range_2026-01_to_2026-06,,2026-06-13
UVV,no_reopen,false,false,true,true,valid_months=6 avg_monthly_range_pct=9.6205 below 10,yahoo_intraday_range_2026-01_to_2026-06,,2026-06-13
UYSC,no_new_open,false,false,true,true,valid_months=6 avg_monthly_range_pct=2.5641 below 10,yahoo_intraday_range_2026-01_to_2026-06,,2026-06-13
VALU,no_new_open,false,false,true,true,valid_months=6 avg_monthly_range_pct=8.3142 below 10,yahoo_intraday_range_2026-01_to_2026-06,,2026-06-13
VICI,no_reopen,false,false,true,true,valid_months=6 avg_monthly_range_pct=8.5042 below 10,yahoo_intraday_range_2026-01_to_2026-06,,2026-06-13
VNME,no_new_open,false,false,true,true,valid_months=6 avg_monthly_range_pct=0.5438 below 10,yahoo_intraday_range_2026-01_to_2026-06,,2026-06-13
VOD,no_new_open,false,false,true,true,valid_months=6 avg_monthly_range_pct=9.3090 below 10,yahoo_intraday_range_2026-01_to_2026-06,,2026-06-13
WABC,no_reopen,false,false,true,true,valid_months=6 avg_monthly_range_pct=8.6206 below 10,yahoo_intraday_range_2026-01_to_2026-06,,2026-06-13
WBD,no_new_open,false,false,true,true,valid_months=6 avg_monthly_range_pct=5.9692 below 10,yahoo_intraday_range_2026-01_to_2026-06,,2026-06-13
WBS,no_reopen,false,false,true,true,valid_months=6 avg_monthly_range_pct=6.9829 below 10,yahoo_intraday_range_2026-01_to_2026-06,,2026-06-13
WEC,no_reopen,false,false,true,true,valid_months=6 avg_monthly_range_pct=7.1592 below 10,yahoo_intraday_range_2026-01_to_2026-06,,2026-06-13
WENN,no_new_open,false,false,true,true,valid_months=6 avg_monthly_range_pct=0.5740 below 10,yahoo_intraday_range_2026-01_to_2026-06,,2026-06-13
WM,no_reopen,false,false,true,true,valid_months=6 avg_monthly_range_pct=9.4146 below 10,yahoo_intraday_range_2026-01_to_2026-06,,2026-06-13
WPC,no_reopen,false,false,true,true,valid_months=6 avg_monthly_range_pct=9.0142 below 10,yahoo_intraday_range_2026-01_to_2026-06,,2026-06-13
WRB,no_reopen,false,false,true,true,valid_months=6 avg_monthly_range_pct=9.5836 below 10,yahoo_intraday_range_2026-01_to_2026-06,,2026-06-13
WSBF,no_new_open,false,false,true,true,valid_months=6 avg_monthly_range_pct=9.2046 below 10,yahoo_intraday_range_2026-01_to_2026-06,,2026-06-13
WSBK,no_new_open,false,false,true,true,valid_months=6 avg_monthly_range_pct=7.7188 below 10,yahoo_intraday_range_2026-01_to_2026-06,,2026-06-13
WSR,no_reopen,false,false,true,true,valid_months=6 avg_monthly_range_pct=8.2328 below 10,yahoo_intraday_range_2026-01_to_2026-06,,2026-06-13
WSTN,no_new_open,false,false,true,true,valid_months=6 avg_monthly_range_pct=0.4753 below 10,yahoo_intraday_range_2026-01_to_2026-06,,2026-06-13
WTG,no_new_open,false,false,true,true,valid_months=6 avg_monthly_range_pct=0.3247 below 10,yahoo_intraday_range_2026-01_to_2026-06,,2026-06-13
WTRG,no_reopen,false,false,true,true,valid_months=6 avg_monthly_range_pct=8.1992 below 10,yahoo_intraday_range_2026-01_to_2026-06,,2026-06-13
XEL,no_reopen,false,false,true,true,valid_months=6 avg_monthly_range_pct=8.4271 below 10,yahoo_intraday_range_2026-01_to_2026-06,,2026-06-13
XRPN,no_new_open,false,false,true,true,valid_months=6 avg_monthly_range_pct=0.9154 below 10,yahoo_intraday_range_2026-01_to_2026-06,,2026-06-13
YHNA,no_new_open,false,false,true,true,valid_months=6 avg_monthly_range_pct=1.8614 below 10,yahoo_intraday_range_2026-01_to_2026-06,,2026-06-13
YORW,no_new_open,false,false,true,true,valid_months=6 avg_monthly_range_pct=9.5617 below 10,yahoo_intraday_range_2026-01_to_2026-06,,2026-06-13
YUM,no_reopen,false,false,true,true,valid_months=6 avg_monthly_range_pct=8.7241 below 10,yahoo_intraday_range_2026-01_to_2026-06,,2026-06-13
